Product Link, Product Name, Product Price 
https://www.redbubble.com/i/mask/MAMA-IS-MY-P-P-A-by-S0ULGROUPSTUDIO/50235088.F8Y4C,Kids Mask,Parents the first-responders to prevent child abuse - online and offline. These Parent-focused messages honor that role and emphasize that i... Read more
https://www.redbubble.com/i/dress/MAMA-IS-MY-P-P-A-by-S0ULGROUPSTUDIO/50235088.V4WQ8,A-Line Dress,From $9.99
https://www.redbubble.com/i/sticker/MAMA-IS-MY-P-P-A-by-S0ULGROUPSTUDIO/50235088.EJUG5,Sticker,$46.45
https://www.redbubble.com/i/sticker/MAMA-IS-MY-P-P-A-by-S0ULGROUPSTUDIO/50235088.JCQM3,Glossy Sticker,From $1.25
https://www.redbubble.com/i/sticker/MAMA-IS-MY-P-P-A-by-S0ULGROUPSTUDIO/50235088.O9UDB,Transparent Sticker,From $1.38
https://www.redbubble.com/i/canvas-print/MAMA-IS-MY-P-P-A-by-S0ULGROUPSTUDIO/50235088.56DNM,Canvas Mounted Print,From $1.54
https://www.redbubble.com/i/tapestry/MAMA-IS-MY-P-P-A-by-S0ULGROUPSTUDIO/50235088.PCFHB,Tapestry,$27.00
https://www.redbubble.com/i/wood-print/MAMA-IS-MY-P-P-A-by-S0ULGROUPSTUDIO/50235088.EZ4MB,Wood Mounted Print,$31.21
https://www.redbubble.com/i/kids-hoodie/MAMA-IS-MY-P-P-A-by-S0ULGROUPSTUDIO/50235088.BDV8V,Toddler Pullover Hoodie,$27.00
https://www.redbubble.com/i/drawstring-bag/MAMA-IS-MY-P-P-A-by-S0ULGROUPSTUDIO/50235088.YT4RK,Drawstring Bag,$26.27
https://www.redbubble.com/i/tote-bag/MAMA-IS-MY-P-P-A-by-S0ULGROUPSTUDIO/50235088.P1QBH,Cotton Tote Bag,$30.30
https://www.redbubble.com/i/mask/MAMA-IS-MY-P-P-A-by-S0ULGROUPSTUDIO/50235088.9G0D8,Mask,From $13.19
https://www.redbubble.com/i/pin/MAMA-IS-MY-P-P-A-by-S0ULGROUPSTUDIO/50235088.NP9QY,Pin,From $9.99
https://www.redbubble.com/i/notebook/MAMA-IS-MY-P-P-A-by-S0ULGROUPSTUDIO/50235088.RXH2R,Hardcover Journal,$3.31
https://www.redbubble.com/i/notebook/MAMA-IS-MY-P-P-A-by-S0ULGROUPSTUDIO/50235088.WX3NH,Spiral Notebook,From $17.43
https://www.redbubble.com/i/mask/MAMA-IS-MY-P-P-A-by-S0ULGROUPSTUDIO/50235088.C5AVV,Small Mask,From $10.73
